# 2D blocktile autotune sweep, gcp5 H100 (gcp5-h100-0-19), CUDA 12.4, sm_90
# 2026-09-27, jobs 219279 (f32) + 219280 (f16), N=4096, 10 warmup + 100 timed iters/config
# per-config cool-down 150ms; LAUNCH_FAIL rows = runtime launch error (64K regs/SM exceeded)
# dtype,idx,BM,BN,BK,TM,TN,GFLOPS
f32,0,128,128,8,8,8,22171.7
f32,1,64,64,8,8,8,28116.5
f32,2,128,128,8,16,8,32600.8
f32,3,128,128,8,8,16,22894.8
f32,4,128,128,16,8,8,28574.1
f32,5,128,64,8,8,8,25376.7
f32,6,64,128,8,8,8,28368.7
f32,7,128,128,8,4,4,21498.0
f32,8,256,128,8,16,8,29108.6
f32,9,128,256,8,8,16,21306.9
f32,10,128,128,16,16,8,33784.6
f32,11,256,128,16,16,8,31533.8
f32,12,128,128,32,16,8,22030.8
f32,13,128,128,16,8,16,23764.2
f32,14,256,256,16,16,8,LAUNCH_FAIL
f32,15,256,128,24,16,8,25208.4
f32,16,256,128,32,16,8,21019.6
f32,17,128,128,24,16,8,27848.5
f32,18,256,256,8,16,8,LAUNCH_FAIL
f16,0,128,128,8,8,8,21458.0
f16,1,64,64,8,8,8,31667.4
f16,2,128,128,8,16,8,33119.6
f16,3,128,128,8,8,16,29438.9
f16,4,128,128,16,8,8,26702.5
f16,5,128,64,8,8,8,29206.4
f16,6,64,128,8,8,8,29834.5
f16,7,128,128,8,4,4,18021.8
f16,8,256,128,8,16,8,27177.2
f16,9,128,256,8,8,16,26206.0
f16,10,128,128,16,16,8,31163.1
f16,11,256,128,16,16,8,26938.9
f16,12,128,128,32,16,8,20701.4
f16,13,128,128,16,8,16,30648.1
f16,14,256,256,16,16,8,LAUNCH_FAIL
f16,15,256,128,24,16,8,22390.3
f16,16,256,128,32,16,8,19564.3
f16,17,128,128,24,16,8,21064.6
f16,18,256,256,8,16,8,LAUNCH_FAIL
