# Vectorized autotune sweep, gcp5 H100 (gcp5-h100-0-0), CUDA 12.4, sm_90
# 2026-09-27, job 219293, N=4096, 10 warmup + 100 timed iters/config, 150ms cool-down
# LAUNCH_FAIL rows = runtime launch error (regs/SM or — pre-fix — OOB, see worklog)
# dtype,idx,BM,BN,BK,TM,TN,GFLOPS
f32,0,128,128,8,8,8,32742.4
f32,1,128,128,8,16,8,23643.2
f32,2,128,128,8,8,16,18633.1
f32,3,128,128,16,8,8,33488.6
f32,4,128,128,16,16,8,22614.2
f32,5,128,128,16,8,16,18128.6
f32,6,128,64,8,16,8,20949.3
f32,7,64,128,8,8,8,31728.4
f32,8,256,128,8,16,8,25129.9
f32,9,128,256,8,8,16,18791.9
f32,10,64,64,8,8,8,28099.8
f32,11,64,64,16,8,8,18233.9
f32,12,128,128,32,16,8,23607.8
f32,13,256,128,16,16,8,24008.0
f32,14,256,256,8,16,8,LAUNCH_FAIL
f32,15,128,128,16,4,4,24048.5
f16,0,128,128,8,8,8,32782.6
f16,1,128,128,8,16,8,35015.8
f16,2,128,128,8,8,16,35149.4
f16,3,128,128,16,8,8,34663.3
f16,4,128,128,16,16,8,31224.1
f16,5,128,128,16,8,16,30454.7
f16,6,128,64,8,16,8,36534.1
f16,7,64,128,8,8,8,34959.0
f16,8,256,128,8,16,8,28241.9
f16,9,128,256,8,8,16,27635.4
f16,10,64,64,8,8,8,35349.8
f16,11,64,64,16,8,8,35292.7
f16,12,128,128,32,16,8,27937.5
f16,13,256,128,16,16,8,29749.6
f16,14,256,256,8,16,8,LAUNCH_FAIL
f16,15,128,128,16,4,4,21424.6
