# Warptile autotune sweep FP32 (pruned 136-config space), gcp5 H100 (gcp5-h100-0-54),
# CUDA 12.4, sm_90, 2026-09-27, jobs 219306/219307, N=4096, 10 warmup + 100 iters/config
# idx,BM,BN,BK,TM,TN,WM,WN,GFLOPS
0,64,64,8,8,4,32,32,29668.6
1,64,64,8,8,4,32,64,29943.7
2,64,64,8,8,4,64,32,27392.9
3,64,64,8,8,8,32,64,28228.8
4,64,64,8,16,4,64,32,28024.4
5,64,64,16,8,4,32,32,33877.8
6,64,64,16,8,4,32,64,26395.1
7,64,64,16,8,4,64,32,27163.7
8,64,64,16,8,8,32,64,26544.7
9,64,64,16,16,4,64,32,30572.5
10,64,128,8,8,4,32,32,31395.5
11,64,128,8,8,4,32,64,37708.5
12,64,128,8,8,4,64,32,30553.3
13,64,128,8,8,8,32,64,34932.0
14,64,128,8,16,4,64,32,35080.6
15,64,128,16,8,4,32,32,33403.7
16,64,128,16,8,4,32,64,34128.6
17,64,128,16,8,4,64,32,35782.1
18,64,128,16,8,8,32,64,31038.4
19,64,128,16,16,4,64,32,35096.5
20,64,256,8,8,4,32,32,23774.1
21,64,256,8,8,4,32,64,37065.6
22,64,256,8,8,4,64,32,24506.8
23,64,256,8,8,8,32,64,33557.7
24,64,256,8,16,4,64,32,33714.7
25,64,256,16,8,4,32,32,29976.0
26,64,256,16,8,4,32,64,32521.6
27,64,256,16,8,4,64,32,31787.1
28,64,256,16,8,8,32,64,30524.9
29,64,256,16,16,4,64,32,31976.7
30,128,64,8,8,4,32,32,28059.9
31,128,64,8,8,4,32,64,28669.8
32,128,64,8,8,4,64,32,28414.4
33,128,64,8,8,4,64,64,27923.5
34,128,64,8,8,8,32,64,26018.3
35,128,64,8,8,8,64,64,26855.2
36,128,64,8,16,4,64,32,32212.4
37,128,64,8,16,4,64,64,28702.8
38,128,64,8,16,8,64,64,27755.0
39,128,64,16,8,4,32,32,33012.1
40,128,64,16,8,4,32,64,31430.2
41,128,64,16,8,4,64,32,30672.9
42,128,64,16,8,4,64,64,15335.4
43,128,64,16,8,8,32,64,29428.0
44,128,64,16,8,8,64,64,15417.7
45,128,64,16,16,4,64,32,32079.7
46,128,64,16,16,4,64,64,15329.5
47,128,64,16,16,8,64,64,15304.3
48,128,128,8,8,4,32,32,24453.3
49,128,128,8,8,4,32,64,35949.9
50,128,128,8,8,4,64,32,24780.5
51,128,128,8,8,4,64,64,31955.6
52,128,128,8,8,8,32,64,32970.3
53,128,128,8,8,8,64,64,30560.0
54,128,128,8,16,4,64,32,33597.8
55,128,128,8,16,4,64,64,32090.0
56,128,128,8,16,8,64,64,30699.3
57,128,128,16,8,4,32,32,29124.0
58,128,128,16,8,4,32,64,31725.6
59,128,128,16,8,4,64,32,30221.6
60,128,128,16,8,4,64,64,30978.5
61,128,128,16,8,8,32,64,29125.6
62,128,128,16,8,8,64,64,30258.4
63,128,128,16,16,4,64,32,31078.4
64,128,128,16,16,4,64,64,31806.4
65,128,128,16,16,8,64,64,31655.4
66,128,256,8,8,4,32,32,LAUNCH_FAIL(too many resources requested for launch)
67,128,256,8,8,4,32,64,32527.0
68,128,256,8,8,4,64,32,32245.4
69,128,256,8,8,4,64,64,32197.0
70,128,256,8,8,8,32,64,30294.2
71,128,256,8,8,8,64,64,30132.8
72,128,256,8,16,4,64,32,32214.3
73,128,256,8,16,4,64,64,32663.9
74,128,256,8,16,8,64,64,30951.1
75,128,256,16,8,4,32,32,LAUNCH_FAIL(too many resources requested for launch)
76,128,256,16,8,4,32,64,36320.7
77,128,256,16,8,4,64,32,LAUNCH_FAIL(too many resources requested for launch)
78,128,256,16,8,4,64,64,33993.2
79,128,256,16,8,8,32,64,34899.8
80,128,256,16,8,8,64,64,32426.5
81,128,256,16,16,4,64,32,36174.5
82,128,256,16,16,4,64,64,35016.0
83,128,256,16,16,8,64,64,33616.8
84,256,64,8,8,4,32,32,23033.4
85,256,64,8,8,4,32,64,34593.8
86,256,64,8,8,4,64,32,24196.8
87,256,64,8,8,4,64,64,28107.6
88,256,64,8,8,8,32,64,30524.8
89,256,64,8,8,8,64,64,26840.0
90,256,64,8,16,4,64,32,30980.0
91,256,64,8,16,4,64,64,28926.7
92,256,64,8,16,8,64,64,27522.0
93,256,64,16,8,4,32,32,30128.2
94,256,64,16,8,4,32,64,30613.2
95,256,64,16,8,4,64,32,27534.9
96,256,64,16,8,4,64,64,15435.8
97,256,64,16,8,8,32,64,29331.3
98,256,64,16,8,8,64,64,15176.4
99,256,64,16,16,4,64,32,25707.6
100,256,64,16,16,4,64,64,15317.7
101,256,64,16,16,8,64,64,15191.7
102,256,128,8,8,4,32,32,LAUNCH_FAIL(too many resources requested for launch)
103,256,128,8,8,4,32,64,31291.9
104,256,128,8,8,4,64,32,31470.6
105,256,128,8,8,4,64,64,31495.3
106,256,128,8,8,8,32,64,29620.7
107,256,128,8,8,8,64,64,29890.6
108,256,128,8,16,4,64,32,31731.7
109,256,128,8,16,4,64,64,31418.8
110,256,128,8,16,8,64,64,29764.3
111,256,128,16,8,4,32,32,LAUNCH_FAIL(too many resources requested for launch)
112,256,128,16,8,4,32,64,LAUNCH_FAIL(too many resources requested for launch)
113,256,128,16,8,4,64,32,LAUNCH_FAIL(too many resources requested for launch)
114,256,128,16,8,4,64,64,34280.3
115,256,128,16,8,8,32,64,LAUNCH_FAIL(too many resources requested for launch)
116,256,128,16,8,8,64,64,32453.3
117,256,128,16,16,4,64,32,35915.7
118,256,128,16,16,4,64,64,33926.9
119,256,128,16,16,8,64,64,31351.1
120,256,256,8,8,4,32,64,LAUNCH_FAIL(too many resources requested for launch)
121,256,256,8,8,4,64,32,LAUNCH_FAIL(too many resources requested for launch)
122,256,256,8,8,4,64,64,LAUNCH_FAIL(too many resources requested for launch)
123,256,256,8,8,8,32,64,LAUNCH_FAIL(too many resources requested for launch)
124,256,256,8,8,8,64,64,LAUNCH_FAIL(too many resources requested for launch)
125,256,256,8,16,4,64,32,LAUNCH_FAIL(too many resources requested for launch)
126,256,256,8,16,4,64,64,LAUNCH_FAIL(too many resources requested for launch)
127,256,256,8,16,8,64,64,LAUNCH_FAIL(too many resources requested for launch)
128,256,256,16,8,4,32,64,LAUNCH_FAIL(too many resources requested for launch)
129,256,256,16,8,4,64,32,LAUNCH_FAIL(too many resources requested for launch)
130,256,256,16,8,4,64,64,LAUNCH_FAIL(too many resources requested for launch)
131,256,256,16,8,8,32,64,LAUNCH_FAIL(too many resources requested for launch)
132,256,256,16,8,8,64,64,LAUNCH_FAIL(too many resources requested for launch)
133,256,256,16,16,4,64,32,LAUNCH_FAIL(too many resources requested for launch)
134,256,256,16,16,4,64,64,LAUNCH_FAIL(too many resources requested for launch)
135,256,256,16,16,8,64,64,LAUNCH_FAIL(too many resources requested for launch)
# BEST fp32 BM=64 BN=128 BK=8 TM=8 TN=4 WM=32 WN=64: 37708.5 GFLOPS (37.71 TFLOPS)
